{
    "PSM1": {
        "names": [
            "psm1_suj0",
            "psm1_suj1",
            "psm1_suj2",
            "psm1_suj3",
            "psm1_suj4",
            "psm1_suj5"
        ],
        "values": [
            1.000,
            -0.43633,
            -1.39626,
            -0.34907,
            -0.9599,
            0.174533
        ]
    },
    "ECM": {
        "names": [
            "ecm_suj0",
            "ecm_suj1",
            "ecm_suj2",
            "ecm_suj3",
            "ecm_suj4",
            "ecm_suj5"
        ],
        "values": [
            0.687,
            0.0,
            0.0,
            3.142,
            0.0,
            0.0
        ]
    },
    "PSM2": {
        "names": [
            "psm2_suj0",
            "psm2_suj1",
            "psm2_suj2",
            "psm2_suj3",
            "psm2_suj4",
            "psm2_suj5"
        ],
        "values": [
            1.000,
            0.418879,
            1.692969,
            -0.12217,
            0.8727,
            0.000
        ]
    }
}